name,kind,rank,residual_rank,topk,similarity,main_similarity,test_acc,pattern_gini,locality_7x7,class_selectivity,head_top1_frac,display_tv,top_sigma_frac,frontier_score,seed,stability_vs_seed0,top12_min_match
combo_cp_top1_res8_seed1,cp,64,8,1,0.8435420989990234,0.632767915725708,0.9628999829292297,0.5268987417221069,0.34756365418434143,1.0,1.0,0.03689789026975632,0.17086052894592285,1.9974996224045753,1,1.00000003973643,0.9999988079071045
combo_cp_top1_res8_seed2,cp,64,8,1,0.8540146946907043,0.6422874927520752,0.9631999731063843,0.5299570560455322,0.35829704999923706,1.0,1.0,0.03787430375814438,0.16673755645751953,2.0125115007162093,2,0.43846143859749037,0.046092450618743896
combo_cp_top1_res8_seed3,cp,64,8,1,0.8536690473556519,0.6396973133087158,0.9620999693870544,0.5125821828842163,0.3361785411834717,1.0,1.0,0.03885158151388168,0.17155370116233826,1.9891999721527096,3,0.4320481018027446,0.001965505303815007
