name,kind,rank,residual_rank,topk,similarity,main_similarity,test_acc,pattern_gini,locality_7x7,class_selectivity,head_top1_frac,display_tv,top_sigma_frac,frontier_score,seed,stability_vs_seed0,top12_min_match
combo_cp_top1_res8_seed1,cp,64,8,1,0.8514636158943176,0.6405333280563354,0.9625999927520752,0.5218938589096069,0.3436635136604309,1.0,1.0,0.038064394146203995,0.1684250384569168,1.9977322965860367,1,1.0000000695387523,0.9999994039535522
combo_cp_top1_res8_seed2,cp,64,8,1,0.8540146946907043,0.6422874927520752,0.9631999731063843,0.5299570560455322,0.35829704999923706,1.0,1.0,0.03787430375814438,0.16673755645751953,2.0125115007162093,2,0.4085921326186508,0.025585083290934563
combo_cp_top1_res8_seed3,cp,64,8,1,0.8518044948577881,0.6381655931472778,0.9614999890327454,0.5140728950500488,0.3383861482143402,1.0,1.0,0.03850076347589493,0.17005012929439545,1.989996992051601,3,0.4465481218261023,0.031403496861457825
